{"learner":{"attributes":{},"feature_names":[],"feature_types":[],"gradient_booster":{"model":{"gbtree_model_param":{"num_parallel_tree":"1","num_trees":"10"},"iteration_indptr":[0,1,2,3,4,5,6,7,8,9,10],"tree_info":[0,0,0,0,0,0,0,0,0,0],"trees":[{"base_weights":[-1.0837208E-8,-4.7053742E-1,1.7205998E0,6.822262E-2,-7.5019133E-1,3.096624E-1,-5.940594E-2,4.3827603E-3,-1.01694904E-1],"categories":[],"categories_nodes":[],"categories_segments":[],"categories_sizes":[],"default_left":[0,0,1,0,0,0,0,0,0],"id":0,"left_children":[1,3,5,-1,7,-1,-1,-1,-1],"loss_changes":[1.1941698E1,4.2457075E0,1.1928153E1,0E0,2.1197863E0,0E0,0E0,0E0,0E0],"parents":[2147483647,0,0,1,1,2,2,4,4],"right_children":[2,4,6,-1,8,-1,-1,-1,-1],"split_conditions":[1.5186667E2,6.4E1,1.34E1,6.822262E-2,6E1,3.096624E-1,-5.940594E-2,4.3827603E-3,-1.01694904E-1],"split_indices":[3,13,31,0,0,0,0,0,0],"split_type":[0,0,0,0,0,0,0,0,0],"sum_hessian":[1.2750001E1,1.0582501E1,2.1675003E0,1.7850002E0,8.797501E0,1.1475002E0,1.0200001E0,2.4225001E0,6.3750005E0],"tree_param":{"num_deleted":"0","num_feature":"41","num_nodes":"9","size_leaf_vector":"1"}},{"base_weights":[1.1348204E-2,-4.4164222E-1,1.5110271E0,6.1831392E-2,-7.196222E-1,2.4213357E-1,-1.5674619E-2,-9.019573E-2,3.3752065E-2],"categories":[],"categories_nodes":[],"categories_segments":[],"categories_sizes":[],"default_left":[0,0,1,0,1,0,0,0,0],"id":1,"left_children":[1,3,5,-1,7,-1,-1,-1,-1],"loss_changes":[9.916635E0,3.753964E0,5.518119E0,0E0,2.1084666E0,0E0,0E0,0E0,0E0],"parents":[2147483647,0,0,1,1,2,2,4,4],"right_children":[2,4,6,-1,8,-1,-1,-1,-1],"split_conditions":[1.5186667E2,6.4E1,1.33E1,6.1831392E-2,3.1790123E1,2.4213357E-1,-1.5674619E-2,-9.019573E-2,3.3752065E-2],"split_indices":[3,13,31,0,2,0,0,0,0],"split_type":[0,0,0,0,0,0,0,0,0],"sum_hessian":[1.2615127E1,1.0230445E1,2.3846817E0,1.8711839E0,8.359261E0,1.2503661E0,1.1343156E0,7.2547626E0,1.1044981E0],"tree_param":{"num_deleted":"0","num_feature":"41","num_nodes":"9","size_leaf_vector":"1"}},{"base_weights":[2.415157E-2,-4.1215748E-1,1.350904E0,5.615927E-2,-6.87936E-1,2.1030457E-1,-1.4933064E-2,8.712724E-3,-9.738798E-2],"categories":[],"categories_nodes":[],"categories_segments":[],"categories_sizes":[],"default_left":[0,0,1,0,0,0,0,0,0],"id":2,"left_children":[1,3,5,-1,7,-1,-1,-1,-1],"loss_changes":[8.333042E0,3.3067708E0,4.329054E0,0E0,2.0627294E0,0E0,0E0,0E0,0E0],"parents":[2147483647,0,0,1,1,2,2,4,4],"right_children":[2,4,6,-1,8,-1,-1,-1,-1],"split_conditions":[1.5186667E2,6.4E1,1.33E1,5.615927E-2,6E1,2.1030457E-1,-1.4933064E-2,8.712724E-3,-9.738798E-2],"split_indices":[3,13,31,0,0,0,0,0,0],"split_type":[0,0,0,0,0,0,0,0,0],"sum_hessian":[1.2433417E1,9.875243E0,2.5581737E0,1.9507884E0,7.924455E0,1.4362829E0,1.1218908E0,2.323043E0,5.601412E0],"tree_param":{"num_deleted":"0","num_feature":"41","num_nodes":"9","size_leaf_vector":"1"}},{"base_weights":[3.1393778E-2,-3.8688338E-1,1.2165477E0,5.110622E-1,-6.5947074E-1,-1.8057464E-2,1.8888801E-1,-6.099343E-2,1.3780613E-1,-8.5353784E-2,3.4649227E-2],"categories":[],"categories_nodes":[],"categories_segments":[],"categories_sizes":[],"default_left":[0,0,0,0,1,0,0,0,0,0,0],"id":3,"left_children":[1,3,5,7,9,-1,-1,-1,-1,-1,-1],"loss_changes":[7.048796E0,2.923474E0,3.819322E0,3.7797112E0,1.9634936E0,0E0,0E0,0E0,0E0,0E0,0E0],"parents":[2147483647,0,0,1,1,2,2,3,3,4,4],"right_children":[2,4,6,8,10,-1,-1,-1,-1,-1,-1],"split_conditions":[1.5186667E2,6.4E1,1E1,4.75E2,3.1790123E1,-1.8057464E-2,1.8888801E-1,-6.099343E-2,1.3780613E-1,-8.5353784E-2,3.4649227E-2],"split_indices":[3,13,17,35,2,0,0,0,0,0,0],"split_type":[0,0,0,0,0,0,0,0,0,0,0],"sum_hessian":[1.2269781E1,9.566891E0,2.7028904E0,2.0241537E0,7.5427375E0,1.1157521E0,1.5871383E0,1.0120769E0,1.0120769E0,6.449955E0,1.0927826E0],"tree_param":{"num_deleted":"0","num_feature":"41","num_nodes":"11","size_leaf_vector":"1"}},{"base_weights":[4.068755E-2,-9.024072E-2,4.9070552E-1,1.1201881E0,-4.5748487E-1,1.7378369E-1,-1.2819263E-2,3.9201997E-2,-8.172112E-2],"categories":[],"categories_nodes":[],"categories_segments":[],"categories_sizes":[],"default_left":[0,0,1,0,0,0,0,0,0],"id":4,"left_children":[1,-1,3,5,7,-1,-1,-1,-1],"loss_changes":[5.993518E0,0E0,6.1836863E0,4.849522E0,1.6958542E0,0E0,0E0,0E0,0E0],"parents":[2147483647,0,0,2,2,3,3,4,4],"right_children":[2,-1,4,6,8,-1,-1,-1,-1],"split_conditions":[9E0,-9.024072E-2,1.34E1,9.92E1,9.78E1,1.7378369E-1,-1.2819263E-2,3.9201997E-2,-8.172112E-2],"split_indices":[17,0,31,15,15,0,0,0,0],"split_type":[0,0,0,0,0,0,0,0,0],"sum_hessian":[1.2078643E1,3.5770383E0,8.501605E0,5.0004926E0,3.5011122E0,3.0830505E0,1.9174423E0,1.0148171E0,2.486295E0],"tree_param":{"num_deleted":"0","num_feature":"41","num_nodes":"9","size_leaf_vector":"1"}},{"base_weights":[3.54456E-2,-3.5572174E-1,1.0572884E0,3.4558213E-1,-7.062892E-1,1.5984416E-1,-1.4932263E-2,1.118781E-1,-6.671166E-2,3.1476665E-2,-9.528515E-2],"categories":[],"categories_nodes":[],"categories_segments":[],"categories_sizes":[],"default_left":[0,0,1,0,0,0,0,0,0,0,0],"id":5,"left_children":[1,3,5,7,9,-1,-1,-1,-1,-1,-1],"loss_changes":[5.5848374E0,2.744916E0,2.7586055E0,3.9266517E0,2.0900042E0,0E0,0E0,0E0,0E0,0E0,0E0],"parents":[2147483647,0,0,1,1,2,2,3,3,4,4],"right_children":[2,4,6,8,10,-1,-1,-1,-1,-1,-1],"split_conditions":[1.5186667E2,9.84E1,1.33E1,1.3E1,1E0,1.5984416E-1,-1.4932263E-2,1.118781E-1,-6.671166E-2,3.1476665E-2,-9.528515E-2],"split_indices":[3,15,31,23,22,0,0,0,0,0,0],"split_type":[0,0,0,0,0,0,0,0,0,0,0],"sum_hessian":[1.203124E1,9.17202E0,2.8592203E0,3.0615883E0,6.1104317E0,1.7497417E0,1.1094786E0,1.6766831E0,1.3849053E0,1.1347247E0,4.975707E0],"tree_param":{"num_deleted":"0","num_feature":"41","num_nodes":"11","size_leaf_vector":"1"}},{"base_weights":[3.9542925E-2,-8.63521E-2,4.27571E-1,9.4625753E-1,-4.2789236E-1,1.38624E-1,-3.267287E-2,3.782521E-2,-7.971918E-2],"categories":[],"categories_nodes":[],"categories_segments":[],"categories_sizes":[],"default_left":[0,0,1,0,0,0,0,0,0],"id":6,"left_children":[1,-1,3,5,7,-1,-1,-1,-1],"loss_changes":[4.871399E0,0E0,4.6892443E0,3.9940305E0,1.591573E0,0E0,0E0,0E0,0E0],"parents":[2147483647,0,0,2,2,3,3,4,4],"right_children":[2,-1,4,6,8,-1,-1,-1,-1],"split_conditions":[9E0,-8.63521E-2,1.34E1,4.4E0,1.21E2,1.38624E-1,-3.267287E-2,3.782521E-2,-7.971918E-2],"split_indices":[17,0,31,27,25,0,0,0,0],"split_type":[0,0,0,0,0,0,0,0,0],"sum_hessian":[1.1848174E1,3.1925929E0,8.6555805E0,5.322373E0,3.3332078E0,3.8891861E0,1.4331868E0,1.0396065E0,2.2936015E0],"tree_param":{"num_deleted":"0","num_feature":"41","num_nodes":"9","size_leaf_vector":"1"}},{"base_weights":[3.1287976E-2,-2.9745793E-1,1.0310699E0,1.3313787E-1,-8.917187E-2,1.4050272E-1,1.9430742E-2,8.106347E-2,-4.4322908E-2],"categories":[],"categories_nodes":[],"categories_segments":[],"categories_sizes":[],"default_left":[0,0,1,1,0,0,0,0,0],"id":7,"left_children":[1,3,5,7,-1,-1,-1,-1,-1],"loss_changes":[4.509467E0,2.7796729E0,7.871647E-1,3.0536196E0,0E0,0E0,0E0,0E0,0E0],"parents":[2147483647,0,0,1,1,2,2,3,3],"right_children":[2,4,6,8,-1,-1,-1,-1,-1],"split_conditions":[1.6103334E2,9.92E1,1.28E1,1.02E1,-8.917187E-2,1.4050272E-1,1.9430742E-2,8.106347E-2,-4.4322908E-2],"split_indices":[3,15,31,23,0,0,0,0,0],"split_type":[0,0,0,0,0,0,0,0,0],"sum_hessian":[1.1787032E1,9.398965E0,2.388068E0,5.8999076E0,3.499057E0,1.1810999E0,1.2069681E0,2.5251896E0,3.3747177E0],"tree_param":{"num_deleted":"0","num_feature":"41","num_nodes":"9","size_leaf_vector":"1"}},{"base_weights":[3.5408515E-2,-8.346283E-2,3.8260576E-1,6.9641507E-1,-7.2125606E-2,-6.4389385E-2,1.0436884E-1],"categories":[],"categories_nodes":[],"categories_segments":[],"categories_sizes":[],"default_left":[0,0,1,0,0,0,0],"id":8,"left_children":[1,-1,3,5,-1,-1,-1],"loss_changes":[4.133744E0,0E0,3.8663068E0,4.428426E0,0E0,0E0,0E0],"parents":[2147483647,0,0,2,2,3,3],"right_children":[2,-1,4,6,-1,-1,-1],"split_conditions":[9E0,-8.346283E-2,9.93E1,2.342227E1,-7.2125606E-2,-6.4389385E-2,1.0436884E-1],"split_indices":[17,0,15,2,0,0,0],"split_type":[0,0,0,0,0,0,0],